"","intervention","dateRand","hospital","COV19","dateCOV19","COV19hosp","dateCOV19hosp","dateLastFup"
"3","control",2020-06-05,"A","no",NA,"no",NA,2020-12-18
"9","BCG",2020-06-05,"A","no",NA,"no",NA,2020-12-18
"1","control",2020-06-06,"A","no",NA,"no",NA,2020-12-18
"6","control",2020-06-06,"A","no",NA,"no",NA,2020-12-18
"7","BCG",2020-06-06,"A","no",NA,"no",NA,2020-12-18
"12","BCG",2020-06-06,"A","no",NA,"no",NA,2020-12-18
"2","control",2020-06-16,"A","no",NA,"no",NA,2020-12-18
"8","BCG",2020-06-16,"A","no",NA,"no",NA,2020-12-18
"4","control",2020-06-26,"A","no",NA,"no",NA,2020-12-18
"10","BCG",2020-06-26,"A","no",NA,"no",NA,2020-12-18
